alias lakml linux-arm-kernel@lists.infradead.org
alias kvm kvm@vger.kernel.org
alias kvm-ppc kvm-ppc@vger.kernel.org
alias kvm-ia64 kvm-ia64@vger.kernel.org
alias lkml linux-kernel@vger.kernel.org
alias linux-next linux-next@vger.kernel.org
alias kvmarm kvmarm@lists.cs.columbia.edu
alias linux-omap linux-omap@vger.kernel.org
alias marc Marc Zyngier <marc.zyngier@arm.com>
alias will Will Deacon <will.deacon@arm.com>
alias peter Peter Maydell <peter.maydell@linaro.org>
alias rusty Rusty Russell <rusty@rustcorp.com.au>
alias agraf Alexander Graf <agraf@suse.de>
alias marcelo Marcelo Tosatti <mtosatti@redhat.com>
alias rmk Russell King <linux@arm.linux.org.uk>
alias linus Linus Torvalds <torvalds@linux-foundation.org>
alias catalin Catalin Marinas <catalin.marinas@arm.com>
alias richard Richard Phelan <richard.phelan@arm.com>
alias serge Serge Broslavsky <serge.broslavsky@linaro.org>
alias markb Mark Burton <mark.burton@greensocs.com>
alias fred Fred Konrad <fred.konrad@greensocs.com>
alias geoff Geoff Levand <geoff.levand@linaro.org>
alias kvmminutes marc, peter, richard, serge, markb, fred
alias jason Jason Nieh <nieh@cs.columbia.edu>
alias nieh Jason Nieh <nieh@cs.columbia.edu>
alias linaro-kernel linaro-kernel@lists.linaro.org
alias linaro-patches patches@linaro.org
alias lincc linaro-kernel, linaro-patches
alias marko Mark Orvek <mark.orvek@linaro.org>
alias gleb Gleb Natapov <gleb@kernel.org>
alias paolo Paolo Bonzini <pbonzini@redhat.com>
alias scapper Steve Capper <steve.capper@linaro.org>
alias anup Anup Patel <anup.patel@linaro.org>
alias pranav Pranavkumar Sawargaonkar <pranavkumar@linaro.org>
alias andre Andre Przywara <andre.przywara@arm.com>
alias claudio Claudio Fontana <claudio.fontana@linaro.org>
alias kristine Kristine Dill <kristine.dill@linaro.org>
alias qemu-devel qemu-devel@nongnu.org
alias ajb-linaro Alex Bennee <alex.bennee@linaro.org>
alias stefano Stefano Stabellini <stefano.stabellini@eu.citrix.com>
alias jeremy \"Jeremy C. Andrus\" <jeremya@cs.columbia.edu>
alias ian Ian Campbell <ijc@hellion.org.uk>
alias olof Olof Johansson <olof@lixom.net>
alias kate Kate Stewart <kate.stewart@linaro.org>
alias stephen Stephen Rothwell <sfr@canb.auug.org.au>
alias scott Scott Bambrough <scott.bambrough@linaro.org>
alias fathi Fathi Boudra <fathi.boudra@linaro.org>
alias ilias Ilias Biris <ilias.biris@linaro.org>
alias andrea Andrea Gallo <andrea.gallo@linaro.org>
alias oren Oren Laadan <orenlaadan@gmail.com>
alias julien Julien Grall <julien.grall@linaro.org>
alias wookey Wookey <wookey@wookware.org>
alias ashwin Ashwin Chaugule <ashwin.chaugule@linaro.org>
alias afaerber Andreas Faerber <afaerber@suse.de>
alias jungseok Jungseok Lee <jays.lee@samsung.com>
alias mario Mario Smarduch <m.smarduch@samsung.com>
alias eric Eric Auger <eric.auger@linaro.org>
alias ard Ard Biesheuvel <ard.biesheuvel@linaro.org>
